parnassius-smintheus-sayi
papilio-coloro
papilio-machaon-bairdi
papilio-zelicaon-nitra
papilio-zelicaon-zelicaon.html
papilio-polyxenes-asterius
papilio-indra-indra
papilio-indra-pergamus
papilio-indra-minori
papilio-indra-ut-west-desert-s
papilio-indra-calcicola
papilio-indra-fordi
papilio-rutulus-rutulus
papilio-glaucus-glaucus
papilio-multicaudata-pusillus
papilio-multicaudata-multicaud
papilio-eurymedon-intermountai
papilio-eurymedon-pacific-nort
papilio-cresphontes
battus-philenor-philenor
battus-philenor-hirsuta
anthocharis-cethura-pima
anthocharis-lanceolata-lanceol
anthocharis-sara
anthocharis-thoosa
anthocharis-julia
euchloe-lotta
euchloe-ausonides-coloradensis
neophasia-menapia-menapia
pieris-rapae
pontia-beckeri
pontia-occidentalis-occidental
pontia-protodice
pontia-sisymbri-elivata
pontia-sisymbri-flavitincta
pontia-sisymbri-nigravenosa
pontia-sisymbri-no-ut-segregat
colias-alexandra-alexandra
colias-alexandra-edwardsi
colias-meadi-meadi
colias-philodice-eriphyle
colias-scudderi-scudderi
zerene-eurydice
danaus-plexippus
danaus-gilippus-thersippus
asterocampa-celtis-celtis
asterocampa-celtis-montis
asterocampa-clyton-clyton
asterocampa-clyton-flora
asterocampa-clyton-subpallida
asterocampa-leilia
nymphalis-antiopa
nymphalis-californica
nymphalis-milberti-furcillata
vanessa-atalanta-rubria
vanessa-cardui
vanessa-carye-annabella.html
junonia-coenia-grisea
polygonia-gracilis-zephyrus
polygonia-interrogationis
polygonia-satyrus-neomarsyas
adelpha-eulalia
adelpha-californica
limenitis-archippus-archippus
limenitis-archippus-floridensi
limenitis-archippus-lahontani
limenitis-archippus-obsoleta
limenitis-arthemis-rubrofascia
limenitis-astyanax-arizonensis
limenitis-astyanax-astyanax
limenitis-lorquini-burrisoni
limenitis-lorquini-ilgae
limenitis-lorquini-lorquini
limenitis-lorquini-powelli
limenitis-weidemeyeri-latifasi
chlosyne-acastus-acastus
chlosyne-palla-flavula
euphydryas-anicia-hermosa
euphydryas-anicia-maria
euphydryas-anicia-wecoeut
euphydryas-anicia-wheeleri
poladryas-arachne-arachne
thessalia-leanira-alma
thessalia-leanira-wrighti
phyciodes-mylitta-mylitta
speyeria-cybele-letona
speyeria-cybele-pugetensis
coenonympha-ampelos-elko
coenonympha-ampelos-eryngii
coenonympha-ochracea-pseudobre
coenonympha-haydeni
cercyonis-meadi-meadi
cercyonis-meadi-mexicana
cercyonis-pegala-paludum
cercyonis-pegala-utahensis
cercyonis-sthenele-masoni
hypaurotis-crysalus-citima
satyrium-saepium-provo
atlides-halesus-corcorani
mitoura-siva-chalcosiva
callophrys-affinis-affinis
callophrys-sheridani-comstocki
callophrys-sheridani-neoperple
celastrina-ladon-echo
everes-amyntula
hemiargus-ceraunus-gyas
leptotes-marina
glaucopsyche-lygdamus-oro
glaucopsyche-piasus-daunia
plebejus-glandon-rustica
euphilotes-ancilla
euphilotes-pallescens-pallesce
euphilotes-spaldingi-spaldingi
megathymus-yuccae-coloradensis
epargyreus-clarus-clarus
polygonus-leo-histrio
phocides-pigmalion-okeechobee
erynnis-afranius
erynnis-brizo-burgessi
erynnis-icelus
erynnis-meridianus
erynnis-pacuvius-lilius
erynnis-persius-fredericki
erynnis-telemachus
heliopetes-ericetorum
pyrgus-centaureae-loki
pyrgus-communis-communis
pyrgus-ruralis-ruralis
pyrgus-scriptura-apertorum
systasea-zampa
staphylus-hayhurstii
polites-sabuleti-alkaliensis
polites-sonora-utahensis
polites-themistocles-themistoc
polites-themistocles-ut-segreg
pseudocopaeodes-eunus-eunus
hesperia-juba
hesperia-uncas-lasus
poanes-taxiles
poanes-zabulon
ochlodes-sylvanoides-napa
ochlodes-yuma-scudderi
euphyes-vestris-metacomet
euphyes-vestris-vestris
euphyes-bimacula-illinois
asbolis-capucinus
amblyscirtes-vialis
lerema-accius
lerodea-eufala
ancyloxypha-arene
copaeodes-aurantiacus
